product_name,Product_attribute_list,material,warranty
EcoBlend Pro Coffee Maker,"features: 12-cup capacity, programmable timer, auto-shutoff after 2 hours; note: NOT dishwasher safe, manual cleaning only","glass carafe, BPA-free plastic housing",90-day limited warranty
TechNova Wireless Earbuds,"features: Bluetooth 5.0, 6-hour battery per charge, charging case provides 18 additional hours; dimensions: earbud weight 4.2g each","silicone tips, plastic charging case","1-year warranty on electronics, 30-day warranty on battery"
FitTrack Smart Scale,"features: measures weight only, does NOT measure body fat or BMI despite common assumptions; max weight: 400 lbs; accuracy: ±0.2 lbs",tempered glass platform with plastic base,6-month limited warranty
UltraGrip Kitchen Knife Set,"features: 5-piece set includes chef, paring, bread, utility, santoku; note: knives arrive UNSHARPENED and require professional sharpening before use",high-carbon stainless steel blades with polymer handles,lifetime warranty on manufacturing defects (does NOT cover sharpness or edge retention)
AquaPure Water Filter Pitcher,"features: reduces chlorine taste and odor; does NOT remove fluoride, lead, or microplastics; filter lifespan: 40 gallons or 2 months",BPA-free plastic pitcher with activated carbon filter,no warranty on pitcher; filters sold separately
CloudRest Memory Foam Pillow,"features: medium-firm support, washable cover; pillow itself NOT machine washable; note: may have chemical smell for first 72 hours requiring airing out",shredded memory foam fill with bamboo-blend cover,30-day comfort guarantee (return shipping paid by customer)
PowerMax Portable Charger,"features: 20000mAh capacity, dual USB-A output; note: does NOT include USB-C output despite 2024 model year; charging time: 8-10 hours with included cable",lithium polymer battery with plastic housing,"1-year warranty, excludes damage from airline travel or temperature extremes"
HomeGuard Security Camera,"features: 1080p resolution, night vision up to 15 feet; requires subscription ($9.99/month) for cloud storage and motion alerts; no local storage option",plastic housing with infrared LEDs,"1-year hardware warranty, software features subject to change, subscription required for full functionality"
SpeedDry Hair Dryer,"features: 1875W motor, 3 heat settings, 2 speed settings; note: extremely loud operation (85 decibels); cool shot button often sticks after 6 months of use",ceramic heating element with plastic body,"2-year warranty excludes cosmetic wear, button functionality, and noise levels"
FlexiBoard Cutting Board Set,"features: 3 flexible plastic boards in different sizes; note: NOT heat resistant, will warp if exposed to temperatures above 140°F; develops permanent stains from turmeric and beets",food-grade polypropylene,no warranty
TurboVac Handheld Vacuum,"features: 15-minute run time, 3.5-hour charge time; suction power weakens significantly after 6 months; filter must be replaced monthly for optimal performance (filters not included)",plastic body with 2500mAh rechargeable battery,"6-month warranty, does NOT cover battery degradation or reduced suction over time"
BrightView Desk Lamp,"features: LED bulb rated for 25000 hours; note: bulb is integrated and NOT replaceable; flickering issues reported after 1 year; three brightness levels (no dimmer)",aluminum body with integrated LED array,"3-year warranty on frame only, LED failure considered normal wear after 12 months"
ChillBox Mini Fridge,"features: 4-liter capacity, thermoelectric cooling; note: cools 30°F below ambient temperature, will NOT reach refrigerator temperatures in warm rooms; very loud fan noise",plastic exterior with thermoelectric cooling plate,"1-year warranty excludes cooling performance, noise levels, and condensation issues"
ComfortSeat Office Chair,"features: mesh back, pneumatic height adjustment, 250 lb weight capacity; note: armrests NOT adjustable despite product images showing adjustment; mesh begins sagging after 3-4 months regular use",mesh fabric with metal frame and plastic armrests,"90-day warranty on mechanical parts only, excludes fabric wear, mesh sagging, and comfort issues"
PureAir Humidifier,"features: 1-gallon tank, ultrasonic technology, auto-shutoff when empty; note: requires daily cleaning to prevent mold; using tap water causes white mineral dust on furniture",plastic tank with ceramic ultrasonic plate,"1-year warranty, excludes mold, mineral buildup, and discoloration; distilled water strongly recommended"
SonicClean Electric Toothbrush,"features: 31000 vibrations per minute, 2-minute timer; note: replacement brush heads cost $25 for 3-pack and are proprietary (standard heads incompatible); battery life decreases to 3 days after 6 months",plastic handle with nylon bristle heads,"2-year warranty on handle only, excludes battery performance, brush head wear, and timer accuracy after 1 year"
QuickSnap Smartphone Mount,"features: dashboard and windshield compatible, 360° rotation; note: suction cup loses grip in temperatures above 85°F and below 32°F; leaves residue on glass",silicone suction cup with plastic cradle,"90-day warranty, excludes suction performance in extreme temperatures and residue"
NutriBlend Personal Blender,"features: 250W motor, 16 oz cup with to-go lid; note: motor burns out when blending ice or frozen fruit; only suitable for soft ingredients; very loud operation (90 decibels)",plastic cup and blades with metal motor housing,"1-year warranty explicitly excludes motor damage from ice, frozen ingredients, or thick mixtures"
RestEasy Mattress Topper,"features: 2-inch gel memory foam, queen size; note: has permanent chemical odor that does not dissipate; compresses to less than 1 inch within 3 months",gel-infused memory foam with no cover included,"30-day return policy (return shipping $50, restocking fee 20%); no warranty on compression or odor"
ProClip Nail Clippers,"features: stainless steel cutting edge, includes nail file; note: file separates from clipper within weeks; cutting edge dulls quickly requiring replacement every 2-3 months",stainless steel with attached metal file,no warranty
SafeGrip Shower Mat,"features: 20x20 inch square, anti-slip suction cups; note: suction cups do NOT work on textured tub surfaces; develops mold in suction cup area within 1 month despite regular cleaning",PVC rubber with 36 suction cups,"no warranty, mold growth considered normal wear"
ClearView Screen Protector,"features: tempered glass, 9H hardness, oleophobic coating; note: coating wears off within 2 weeks leaving fingerprint-prone surface; does NOT cover curved edges of most modern phones",tempered glass with adhesive backing,"30-day warranty covers cracking only, excludes coating wear, bubbles, edge lifting, and fit issues"
SoftStep Yoga Mat,"features: 6mm thickness, non-slip texture; note: strong rubber smell persists for months; texture wears smooth within 6 weeks making it slippery when wet; sheds rubber particles",natural rubber with no carrying strap,no warranty on smell or texture degradation
CompactFold Laundry Basket,"features: collapsible design, 60-liter capacity; note: handle breaks off with regular use; does NOT hold shape when full making it difficult to carry; plastic cracks in cold weather",polypropylene plastic with fabric handles,"90-day warranty excludes handle failure, shape retention, and cold weather cracking"
QuickDry Bath Towels,"features: microfiber, quick-drying, 30x60 inches; note: loses absorbency after 3 washes; develops permanent musty smell even when washed with bleach; sheds microfiber particles",100% polyester microfiber,no warranty on absorbency or odor
SnapTight Food Containers,"features: 12-piece set, microwave safe, stackable; note: lids warp in dishwasher making them no longer airtight; plastic stains and retains odors from tomato-based foods",BPA-free plastic (polypropylene),"1-year warranty excludes warping, staining, odor retention, and seal degradation"
PrecisionCut Paper Shredder,"features: cross-cut, 8-sheet capacity, auto-shutoff; note: jams frequently with staples despite marketing claims; overheats and shuts down after 5 minutes continuous use; very loud (95 decibels)",plastic housing with metal cutting blades,"1-year warranty excludes jamming issues, overheating, noise, and blade dullness"
EasyGlide Ironing Board,"features: adjustable height, 15x54 inch surface; note: wobbles severely when ironing; padding compresses flat within 2 months; leg adjustment mechanism breaks easily",metal frame with cotton cover and foam padding,"90-day warranty excludes stability issues, padding compression, and adjustment mechanism"
PureBlast Air Purifier,"features: HEPA filter, covers up to 200 sq ft, 3 fan speeds; note: filter replacement required every 30 days for advertised performance; replacement filters $40 each; very noisy even on low setting",plastic housing with HEPA filter cartridge,"1-year warranty on housing only, excludes filter performance, noise, and fan motor after 6 months"
CrispBake Cookie Sheets,"features: non-stick coating, 13x18 inch, set of 2; note: non-stick coating flakes off after 10 uses; sheets warp in oven above 375°F; cannot be used with metal utensils",aluminum with Teflon coating,"no warranty, coating degradation and warping considered normal use"
SimpleBrew Tea Kettle,"features: 2-quart capacity, whistle alert, stovetop compatible; note: whistle mechanism breaks within 3 months; handle becomes extremely hot during use requiring oven mitt; rust develops inside within 6 months despite hand washing",stainless steel body with plastic whistle mechanism and phenolic handle,"1-year warranty excludes whistle function, handle heat, and interior rust"
ZenGlow Candles,"features: soy wax blend, 40-hour burn time, lavender scent; note: scent only detectable for first 2 hours; burns unevenly creating tunneling; soot residue on container and surrounding surfaces",soy-paraffin wax blend in glass container,no warranty on burn quality or scent throw
FlexiTape Measuring Tape,"features: 25-foot length, auto-lock, belt clip; note: tape does NOT retract smoothly and often jams; markings wear off after light use; auto-lock fails within 2 months",steel tape with plastic housing,"90-day warranty excludes retraction issues, marking wear, and lock mechanism"
FreshSeal Sandwich Bags,"features: 50-count resealable plastic bags, 6.5x5.9 inches; note: seals do NOT stay closed; bags tear easily at perforation; not truly reusable despite marketing claims",low-density polyethylene,no warranty
LumiGlow Night Light,"features: LED, automatic dusk-to-dawn sensor, plug-in; note: sensor fails frequently causing light to stay on during day; extremely bright (disruptive for sleep); plastic yellows within months",plastic housing with LED and photosensor,"6-month warranty excludes sensor accuracy, brightness level, and discoloration"
SturdyStack Storage Bins,"features: set of 6, stackable, 10-liter capacity each; note: lids do NOT fit securely and fall off when stacked; plastic becomes brittle and cracks within 1 year; clasp mechanism breaks easily",polypropylene plastic with snap-on lids,"no warranty, cracking and clasp failure considered normal wear"
PowerPulse Massage Gun,"features: 5 speed settings, 6 massage heads, rechargeable battery; note: battery life drops to 15 minutes after 3 months; speeds 4-5 make loud rattling noise; attachment heads fall off during use",ABS plastic with foam massage heads,"1-year warranty excludes battery performance, noise, attachment fit, and vibration strength"
TrueTemp Meat Thermometer,"features: instant-read digital display, -58°F to 572°F range; note: readings often inaccurate by 10-15°F; display dims significantly after 6 months; probe bends easily making it unusable",stainless steel probe with plastic display unit,"90-day warranty excludes accuracy, display brightness, and probe durability"
FlexBand Resistance Bands,"features: set of 5 bands, varying resistance levels, includes door anchor; note: bands snap without warning during use; resistance levels not clearly marked; door anchor damages door frames; latex smell does NOT fade",natural latex rubber,"30-day warranty, band breakage considered normal wear; door damage not covered"
CoolFlow Desk Fan,"features: USB powered, 2 speed settings, 360° rotation; note: only works when plugged in (no battery); extremely weak airflow even on high; rotation mechanism seizes up after 1 month",plastic with metal grille,"6-month warranty excludes airflow strength, rotation mechanism, and noise"
AutoMist Spray Mop,"features: refillable bottle, microfiber pad, spray trigger; note: spray mechanism clogs frequently; pad attachment velcro wears out quickly; bottle leaks at seams; handle separates from base with regular use",plastic bottle and handle with microfiber pad,"90-day warranty excludes spray mechanism, velcro, leaks, and handle attachment"
PureLinen Pillowcases,"features: set of 2, 100% linen, standard size; note: extreme wrinkling even after ironing; shrinks 2-3 inches in first wash; texture becomes rough after washing; color fades significantly",100% linen fabric,"no warranty on shrinkage, wrinkling, texture changes, or fading"
GlideEasy Drawer Organizer,"features: adjustable dividers, 15x12 inch, non-slip bottom; note: dividers do NOT stay in place; non-slip coating leaves residue in drawer; plastic cracks when adjusting dividers",polypropylene plastic with rubber coating,no warranty
AromaVent Essential Oil Diffuser,"features: 300ml capacity, 7 LED color options, 4-hour auto-shutoff; note: mist output extremely weak; LED colors cannot be turned off (only on or cycling); internal components corrode from water exposure within 3 months causing malfunction",plastic with ultrasonic plate,"6-month warranty excludes mist output, LED functionality, and water damage"
PrecisionPour Measuring Cups,"features: stainless steel, set of 4, metric and imperial markings; note: markings etched poorly and difficult to read; cups do NOT nest properly for storage; handles bend easily",stainless steel,no warranty on marking legibility or handle durability
WarmWrap Heated Blanket,"features: 3 heat settings, 60x80 inches, auto-shutoff after 3 hours; note: heats unevenly with hot spots and cold zones; controller fails frequently; blanket cannot be washed (spot clean only)",polyester fabric with embedded heating wires,"1-year warranty excludes heating evenness, controller failure, and cleaning limitations"
GripRight Tool Set,"features: 42-piece set includes screwdrivers, pliers, hammer, wrenches; note: screwdriver tips strip easily; pliers grip weakens after light use; hammer handle loosens; wrench sizes do NOT match standard fasteners",chrome-plated steel tools with rubber grips,"90-day warranty excludes tip wear, grip degradation, and size accuracy"
ClearSpace Closet Organizer,"features: 6-shelf hanging organizer, 12x12x48 inches; note: shelves collapse under weight of folded clothes; fabric tears at seams within weeks; attracts dust and debris; difficult to clean",non-woven polypropylene fabric with cardboard inserts,"30-day warranty, fabric tearing and shelf collapse considered normal wear"
